county,survey_date,avg_rain_3m,survey_round,raw_date,gam_percent,emergency_or_not_emergency,year,month,start_window,end_window,events_3m,fatalities_3m,displaced_3m,price_3m,wasting_binary
Abiemnhom,2019-07-01,75.25769373014734,r24,Jul-19,15.5,Yes,2019,Jul,2019-04-01,2019-07-01,0,0,0,NA,1
Abiemnhom,2019-12-01,114.6656738205746,r25,Dec-19,12.6,No,2019,Dec,2019-09-01,2019-12-01,0,0,0,NA,0
Abiemnhom,2020-09-01,117.08533882348276,r26,Sep-20,17.3,Yes,2020,Sep,2020-06-01,2020-09-01,0,0,0,3589.85247036223,1
Abiemnhom,2021-10-01,137.5487219588873,r27,Oct-21,17.3,Yes,2021,Oct,2021-07-01,2021-10-01,0,0,0,6189.847854667345,1
Abiemnhom,2022-08-01,88.24281081007048,r28,Aug-22,17.1,Yes,2022,Aug,2022-05-01,2022-08-01,0,0,0,6007.211123214285,1
Abiemnhom,2023-07-01,53.63463724430433,r29,Jul-23,7.7,No,2023,Jul,2023-04-01,2023-07-01,4,6,14114,NA,0
Abiemnhom,2024-07-01,53.32052297944901,r30,Jul-24,18.5,Yes,2024,Jul,2024-04-01,2024-07-01,6,6,76445,NA,1
Akobo,2019-07-01,89.29247300884572,r24,Jul-19,18.9,Yes,2019,Jul,2019-04-01,2019-07-01,0,0,0,NA,1
Akobo,2019-12-01,139.37432739836382,r25,Dec-19,19.2,Yes,2019,Dec,2019-09-01,2019-12-01,0,0,0,NA,1
Akobo,2020-09-01,156.87532591645837,r26,Sep-20,3.4,No,2020,Sep,2020-06-01,2020-09-01,0,0,0,NA,0
Akobo,2021-10-01,137.78318190020963,r27,Oct-21,3.4,No,2021,Oct,2021-07-01,2021-10-01,0,0,0,8029.26494931187,0
Akobo,2022-08-01,119.43592504981396,r28,Aug-22,19.9,Yes,2022,Aug,2022-05-01,2022-08-01,1,0,1257,6874.071440970314,1
Akobo,2023-07-01,81.80401975698999,r29,Jul-23,19.7,Yes,2023,Jul,2023-04-01,2023-07-01,75,90,290318,3259.2051702479635,1
Akobo,2024-07-01,81.36046523593643,r30,Jul-24,20.3,Yes,2024,Jul,2024-04-01,2024-07-01,76,97,340882,5014.850539396135,1
Aweil Centre,2019-07-01,95.41537018081236,r24,Jul-19,7.1,No,2019,Jul,2019-04-01,2019-07-01,0,0,0,NA,0
Aweil Centre,2019-12-01,126.69480273927428,r25,Dec-19,5.6,No,2019,Dec,2019-09-01,2019-12-01,0,0,0,NA,0
Aweil Centre,2020-09-01,145.91043024908765,r26,Sep-20,8.8,No,2020,Sep,2020-06-01,2020-09-01,0,0,0,3067.285711753512,0
Aweil Centre,2021-10-01,181.24397456637183,r27,Oct-21,8.8,No,2021,Oct,2021-07-01,2021-10-01,0,0,0,5419.189538218122,0
Aweil Centre,2022-08-01,135.57486148933862,r28,Aug-22,18.7,Yes,2022,Aug,2022-05-01,2022-08-01,0,0,0,4834.711789859524,1
Aweil Centre,2023-07-01,77.5453659874047,r29,Jul-23,11,No,2023,Jul,2023-04-01,2023-07-01,3,2,4773,3303.281882662939,0
Aweil Centre,2024-07-01,72.35752032378448,r30,Jul-24,8.3,No,2024,Jul,2024-04-01,2024-07-01,0,0,0,8580.917317620278,0
Aweil East,2019-07-01,77.98009535365465,r24,Jul-19,12.8,No,2019,Jul,2019-04-01,2019-07-01,0,0,0,NA,0
Aweil East,2019-12-01,100.62630376617116,r25,Dec-19,7.1,No,2019,Dec,2019-09-01,2019-12-01,0,0,0,NA,0
Aweil East,2020-09-01,122.58536000819429,r26,Sep-20,12,No,2020,Sep,2020-06-01,2020-09-01,0,0,0,NA,0
Aweil East,2021-10-01,152.09461447611145,r27,Oct-21,12,No,2021,Oct,2021-07-01,2021-10-01,0,0,0,5792.314533666667,0
Aweil East,2022-08-01,102.59954562826375,r28,Aug-22,11.6,No,2022,Aug,2022-05-01,2022-08-01,3,2,9585,6189.431147151974,0
Aweil East,2023-07-01,60.322136167882974,r29,Jul-23,12.6,No,2023,Jul,2023-04-01,2023-07-01,27,68,45066,7061.000981834245,0
Aweil East,2024-07-01,53.79455101742499,r30,Jul-24,14,No,2024,Jul,2024-04-01,2024-07-01,14,31,17615,7960.342618977128,0
Aweil North,2019-07-01,72.84762960650681,r24,Jul-19,13.7,No,2019,Jul,2019-04-01,2019-07-01,0,0,0,NA,0
Aweil North,2019-12-01,95.1269250436814,r25,Dec-19,9.8,No,2019,Dec,2019-09-01,2019-12-01,0,0,0,NA,0
Aweil North,2020-09-01,131.6870126057267,r26,Sep-20,9.4,No,2020,Sep,2020-06-01,2020-09-01,0,0,0,NA,0
Aweil North,2021-10-01,159.6117663021465,r27,Oct-21,9.4,No,2021,Oct,2021-07-01,2021-10-01,0,0,0,7237.117091817437,0
Aweil North,2022-08-01,109.84973733132574,r28,Aug-22,12.8,No,2022,Aug,2022-05-01,2022-08-01,0,0,0,6702.478263583373,0
Aweil North,2023-07-01,60.82175504900481,r29,Jul-23,15.5,Yes,2023,Jul,2023-04-01,2023-07-01,2,1,3724,2831.1387037790737,1
Aweil North,2024-07-01,55.26812666904716,r30,Jul-24,15.9,Yes,2024,Jul,2024-04-01,2024-07-01,4,1,3724,6216.111387267172,1
Aweil South,2019-07-01,90.10058456047766,r24,Jul-19,15.1,Yes,2019,Jul,2019-04-01,2019-07-01,0,0,0,NA,1
Aweil South,2019-12-01,104.06308472837716,r25,Dec-19,14.6,No,2019,Dec,2019-09-01,2019-12-01,0,0,0,NA,0
Aweil South,2020-09-01,136.55421978479075,r26,Sep-20,10.7,No,2020,Sep,2020-06-01,2020-09-01,0,0,0,NA,0
Aweil South,2021-10-01,169.47162140088244,r27,Oct-21,10.7,No,2021,Oct,2021-07-01,2021-10-01,0,0,0,NA,0
Aweil South,2022-08-01,114.24624949016804,r28,Aug-22,16.8,Yes,2022,Aug,2022-05-01,2022-08-01,0,0,0,NA,1
Aweil South,2023-07-01,75.19253142629255,r29,Jul-23,17.4,Yes,2023,Jul,2023-04-01,2023-07-01,0,0,0,3186.2016408713225,1
Aweil South,2024-07-01,64.74711804100676,r30,Jul-24,29.2,Yes,2024,Jul,2024-04-01,2024-07-01,2,1,3193,NA,1
Aweil West,2019-07-01,84.28887507625329,r24,Jul-19,14.2,No,2019,Jul,2019-04-01,2019-07-01,0,0,0,NA,0
Aweil West,2019-12-01,103.27867474062847,r25,Dec-19,6,No,2019,Dec,2019-09-01,2019-12-01,0,0,0,NA,0
Aweil West,2020-09-01,135.59651353748285,r26,Sep-20,8.4,No,2020,Sep,2020-06-01,2020-09-01,0,0,0,NA,0
Aweil West,2021-10-01,165.67650880859827,r27,Oct-21,8.4,No,2021,Oct,2021-07-01,2021-10-01,0,0,0,3736.204850833333,0
Aweil West,2022-08-01,116.6107944032114,r28,Aug-22,10.6,No,2022,Aug,2022-05-01,2022-08-01,0,0,0,4498.324312805743,0
Aweil West,2023-07-01,67.91317304722332,r29,Jul-23,15.3,Yes,2023,Jul,2023-04-01,2023-07-01,0,0,0,3269.1770139763694,1
Aweil West,2024-07-01,62.30307095747489,r30,Jul-24,17.8,Yes,2024,Jul,2024-04-01,2024-07-01,11,0,18803,7568.546423232323,1
Awerial,2019-07-01,85.9983076920297,r24,Jul-19,15,No,2019,Jul,2019-04-01,2019-07-01,0,0,0,NA,0
Awerial,2019-12-01,109.90854044079228,r25,Dec-19,15.2,Yes,2019,Dec,2019-09-01,2019-12-01,0,0,0,NA,1
Awerial,2020-09-01,123.06773664867217,r26,Sep-20,1.6,No,2020,Sep,2020-06-01,2020-09-01,0,0,0,5738.659282733244,0
Awerial,2021-10-01,128.13279994544848,r27,Oct-21,1.6,No,2021,Oct,2021-07-01,2021-10-01,0,0,0,9644.26509157087,0
Awerial,2022-08-01,93.068964015239,r28,Aug-22,13,No,2022,Aug,2022-05-01,2022-08-01,0,0,0,10844.150636176815,0
Awerial,2023-07-01,81.58293335162625,r29,Jul-23,20.3,Yes,2023,Jul,2023-04-01,2023-07-01,11,5,9853,11703.227323809326,1
Awerial,2024-07-01,76.76767410992986,r30,Jul-24,18.8,Yes,2024,Jul,2024-04-01,2024-07-01,0,0,0,5450.375998454107,1
Ayod,2019-07-01,85.4946952513767,r24,Jul-19,9.3,No,2019,Jul,2019-04-01,2019-07-01,0,0,0,NA,0
Ayod,2019-12-01,95.2708485685082,r25,Dec-19,13.2,No,2019,Dec,2019-09-01,2019-12-01,0,0,0,NA,0
Ayod,2022-08-01,94.4033753328551,r28,Aug-22,12.2,No,2022,Aug,2022-05-01,2022-08-01,2,3,1095,NA,0
Ayod,2023-07-01,63.51731299000532,r29,Jul-23,17,Yes,2023,Jul,2023-04-01,2023-07-01,10,23,7895,NA,1
Ayod,2024-07-01,65.49667640175292,r30,Jul-24,14.7,No,2024,Jul,2024-04-01,2024-07-01,35,38,28670,NA,0
Baliet,2019-07-01,72.93177716960852,r24,Jul-19,18.2,Yes,2019,Jul,2019-04-01,2019-07-01,0,0,0,NA,1
Baliet,2019-12-01,106.37065054303883,r25,Dec-19,15.6,Yes,2019,Dec,2019-09-01,2019-12-01,0,0,0,NA,1
Baliet,2022-08-01,103.35245402231482,r28,Aug-22,15.9,Yes,2022,Aug,2022-05-01,2022-08-01,0,0,0,NA,1
Baliet,2023-07-01,52.68978466211245,r29,Jul-23,13.8,No,2023,Jul,2023-04-01,2023-07-01,2,2,1178,NA,0
Baliet,2024-07-01,54.5340425156507,r30,Jul-24,27.3,Yes,2024,Jul,2024-04-01,2024-07-01,14,10,86588,NA,1
Bor South,2019-07-01,86.6202209114729,r24,Jul-19,23.5,Yes,2019,Jul,2019-04-01,2019-07-01,0,0,0,NA,1
Bor South,2019-12-01,139.47589378806725,r25,Dec-19,18.4,Yes,2019,Dec,2019-09-01,2019-12-01,0,0,0,NA,1
Bor South,2020-09-01,141.1587969062129,r26,Sep-20,16.3,Yes,2020,Sep,2020-06-01,2020-09-01,0,0,0,7253.438056253386,1
Bor South,2021-10-01,122.39706548017952,r27,Oct-21,16.3,Yes,2021,Oct,2021-07-01,2021-10-01,0,0,0,7803.368808198151,1
Bor South,2022-08-01,98.30289878529726,r28,Aug-22,19.5,Yes,2022,Aug,2022-05-01,2022-08-01,3,0,8403,9297.194021991165,1
Bor South,2023-07-01,74.05621840404977,r29,Jul-23,22.7,Yes,2023,Jul,2023-04-01,2023-07-01,70,30,193603,4614.864727272222,1
Bor South,2024-07-01,81.33672418282212,r30,Jul-24,19.3,Yes,2024,Jul,2024-04-01,2024-07-01,54,42,75731,10294.091241745504,1
Budi,2019-07-01,89.684535742262,r24,Jul-19,25.8,Yes,2019,Jul,2019-04-01,2019-07-01,0,0,0,NA,1
Budi,2019-12-01,111.6108029790292,r25,Dec-19,16.8,Yes,2019,Dec,2019-09-01,2019-12-01,0,0,0,NA,1
Budi,2020-09-01,139.86512329946777,r26,Sep-20,7,No,2020,Sep,2020-06-01,2020-09-01,0,0,0,NA,0
Budi,2021-10-01,109.27050866394782,r27,Oct-21,7,No,2021,Oct,2021-07-01,2021-10-01,0,0,0,NA,0
Budi,2022-08-01,91.60062604912564,r28,Aug-22,5.9,No,2022,Aug,2022-05-01,2022-08-01,4,5,9503,NA,0
Budi,2023-07-01,92.35454840510944,r29,Jul-23,14.3,No,2023,Jul,2023-04-01,2023-07-01,41,55,221218,NA,0
Budi,2024-07-01,92.58753070880776,r30,Jul-24,14.9,No,2024,Jul,2024-04-01,2024-07-01,41,29,196683,NA,0
Canal/Pigi,2019-07-01,83.50093517531097,r24,Jul-19,20.1,Yes,2019,Jul,2019-04-01,2019-07-01,0,0,0,NA,1
Canal/Pigi,2019-12-01,105.73399217506062,r25,Dec-19,17.2,Yes,2019,Dec,2019-09-01,2019-12-01,0,0,0,NA,1
Canal/Pigi,2020-09-01,146.73148597315162,r26,Sep-20,2.9,No,2020,Sep,2020-06-01,2020-09-01,0,0,0,NA,0
Canal/Pigi,2021-10-01,142.71640926505412,r27,Oct-21,2.9,No,2021,Oct,2021-07-01,2021-10-01,0,0,0,NA,0
Canal/Pigi,2022-08-01,104.07659705951836,r28,Aug-22,26.2,Yes,2022,Aug,2022-05-01,2022-08-01,4,10,4282,NA,1
Canal/Pigi,2023-07-01,67.4232344943913,r29,Jul-23,6.5,No,2023,Jul,2023-04-01,2023-07-01,0,0,0,NA,0
Canal/Pigi,2024-07-01,64.1425466974444,r30,Jul-24,30.1,Yes,2024,Jul,2024-04-01,2024-07-01,5,0,955,NA,1
Cueibet,2019-07-01,101.7110804501706,r24,Jul-19,9.2,No,2019,Jul,2019-04-01,2019-07-01,0,0,0,NA,0
Cueibet,2019-12-01,102.34265676011395,r25,Dec-19,5.8,No,2019,Dec,2019-09-01,2019-12-01,0,0,0,NA,0
Cueibet,2020-09-01,153.92401672219526,r26,Sep-20,8.6,No,2020,Sep,2020-06-01,2020-09-01,0,0,0,NA,0
Cueibet,2021-10-01,146.46931559973322,r27,Oct-21,8.6,No,2021,Oct,2021-07-01,2021-10-01,0,0,0,NA,0
Cueibet,2022-08-01,107.877389753156,r28,Aug-22,7.8,No,2022,Aug,2022-05-01,2022-08-01,21,6,9277,NA,0
Cueibet,2023-07-01,98.94491504319625,r29,Jul-23,12.5,No,2023,Jul,2023-04-01,2023-07-01,54,34,59640,NA,0
Cueibet,2024-07-01,84.05791172140385,r30,Jul-24,9.2,No,2024,Jul,2024-04-01,2024-07-01,67,143,113891,NA,0
Duk,2019-07-01,85.91357222599592,r24,Jul-19,28.1,Yes,2019,Jul,2019-04-01,2019-07-01,0,0,0,NA,1
Duk,2019-12-01,96.64447869618202,r25,Dec-19,21.1,Yes,2019,Dec,2019-09-01,2019-12-01,0,0,0,NA,1
Duk,2020-09-01,138.10817128412754,r26,Sep-20,12,No,2020,Sep,2020-06-01,2020-09-01,0,0,0,NA,0
Duk,2021-10-01,137.69281578445035,r27,Oct-21,12,No,2021,Oct,2021-07-01,2021-10-01,0,0,0,NA,0
Duk,2022-08-01,98.02596192831788,r28,Aug-22,14,No,2022,Aug,2022-05-01,2022-08-01,4,8,5892,NA,0
Duk,2023-07-01,70.58661082479678,r29,Jul-23,17.8,Yes,2023,Jul,2023-04-01,2023-07-01,69,98,110756,NA,1
Duk,2024-07-01,70.27104608118934,r30,Jul-24,9.6,No,2024,Jul,2024-04-01,2024-07-01,52,102,89573,NA,0
Ezo,2019-07-01,143.01095489457677,r24,Jul-19,5.2,No,2019,Jul,2019-04-01,2019-07-01,0,0,0,NA,0
Ezo,2019-12-01,146.05740017755957,r25,Dec-19,6.9,No,2019,Dec,2019-09-01,2019-12-01,0,0,0,NA,0
Ezo,2022-08-01,144.19586254134896,r28,Aug-22,6.1,No,2022,Aug,2022-05-01,2022-08-01,0,0,0,NA,0
Ezo,2023-07-01,142.50346559654548,r29,Jul-23,8.9,No,2023,Jul,2023-04-01,2023-07-01,0,0,0,NA,0
Ezo,2024-07-01,112.9208846644672,r30,Jul-24,3.2,No,2024,Jul,2024-04-01,2024-07-01,19,20,202497,NA,0
Fangak,2019-07-01,79.34022107845024,r24,Jul-19,25.1,Yes,2019,Jul,2019-04-01,2019-07-01,0,0,0,NA,1
Fangak,2019-12-01,106.79632941896992,r25,Dec-19,68.4,Yes,2019,Dec,2019-09-01,2019-12-01,0,0,0,NA,1
Fangak,2020-09-01,136.60354034147346,r26,Sep-20,24.2,Yes,2020,Sep,2020-06-01,2020-09-01,0,0,0,NA,1
Fangak,2021-10-01,135.3648651146891,r27,Oct-21,24.2,Yes,2021,Oct,2021-07-01,2021-10-01,0,0,0,NA,1
Fangak,2022-08-01,90.03892820694269,r28,Aug-22,28.4,Yes,2022,Aug,2022-05-01,2022-08-01,3,10,25433,NA,1
Fangak,2023-07-01,58.242156787680926,r29,Jul-23,17,Yes,2023,Jul,2023-04-01,2023-07-01,0,0,0,7059.815137201476,1
Fangak,2024-07-01,59.95275798409351,r30,Jul-24,22.1,Yes,2024,Jul,2024-04-01,2024-07-01,3,4,24127,5509.525430630494,1
Fashoda,2019-07-01,67.78577762925967,r24,Jul-19,15.4,Yes,2019,Jul,2019-04-01,2019-07-01,0,0,0,NA,1
Fashoda,2019-12-01,107.67001628889776,r25,Dec-19,9.3,No,2019,Dec,2019-09-01,2019-12-01,0,0,0,NA,0
Fashoda,2022-08-01,100.5624436226803,r28,Aug-22,8.7,No,2022,Aug,2022-05-01,2022-08-01,0,0,0,NA,0
Fashoda,2023-07-01,54.161956724960845,r29,Jul-23,13.9,No,2023,Jul,2023-04-01,2023-07-01,7,12,18055,4640.646688167228,0
Fashoda,2024-07-01,53.285554395486216,r30,Jul-24,11.4,No,2024,Jul,2024-04-01,2024-07-01,5,4,16016,9800.307588282358,0
Gogrial East,2019-07-01,81.1405935545427,r24,Jul-19,21.5,Yes,2019,Jul,2019-04-01,2019-07-01,0,0,0,NA,1
Gogrial East,2019-12-01,105.77390921493708,r25,Dec-19,6.6,No,2019,Dec,2019-09-01,2019-12-01,0,0,0,NA,0
Gogrial East,2020-09-01,127.13737984946324,r26,Sep-20,11.7,No,2020,Sep,2020-06-01,2020-09-01,0,0,0,NA,0
Gogrial East,2021-10-01,151.39958161301558,r27,Oct-21,11.7,No,2021,Oct,2021-07-01,2021-10-01,0,0,0,NA,0
Gogrial East,2022-08-01,98.2113911517778,r28,Aug-22,16.1,Yes,2022,Aug,2022-05-01,2022-08-01,0,0,0,NA,1
Gogrial East,2023-07-01,71.92714134773888,r29,Jul-23,14.9,No,2023,Jul,2023-04-01,2023-07-01,16,25,14991,NA,0
Gogrial East,2024-07-01,60.005257447077035,r30,Jul-24,8.7,No,2024,Jul,2024-04-01,2024-07-01,15,95,26615,NA,0
Gogrial West,2019-07-01,84.30602006900992,r24,Jul-19,12.9,No,2019,Jul,2019-04-01,2019-07-01,0,0,0,NA,0
Gogrial West,2019-12-01,106.8508682801555,r25,Dec-19,18.3,Yes,2019,Dec,2019-09-01,2019-12-01,0,0,0,NA,1
Gogrial West,2020-09-01,131.35874476434367,r26,Sep-20,9.7,No,2020,Sep,2020-06-01,2020-09-01,0,0,0,4333.737811029201,0
Gogrial West,2021-10-01,159.04414385513772,r27,Oct-21,9.7,No,2021,Oct,2021-07-01,2021-10-01,0,0,0,6778.213194870371,0
Gogrial West,2022-08-01,108.76615396940568,r28,Aug-22,12.8,No,2022,Aug,2022-05-01,2022-08-01,0,0,0,7850.738987995279,0
Gogrial West,2023-07-01,77.12209961326572,r29,Jul-23,14.6,No,2023,Jul,2023-04-01,2023-07-01,6,5,10513,4199.505039491263,0
Gogrial West,2024-07-01,64.40563519606053,r30,Jul-24,14,No,2024,Jul,2024-04-01,2024-07-01,18,20,47921,9903.961344979629,0
Guit,2019-07-01,74.08928238463562,r24,Jul-19,16,Yes,2019,Jul,2019-04-01,2019-07-01,0,0,0,NA,1
Guit,2019-12-01,118.40646909986444,r25,Dec-19,9.7,No,2019,Dec,2019-09-01,2019-12-01,0,0,0,NA,0
Guit,2020-09-01,131.38733052190065,r26,Sep-20,13.1,No,2020,Sep,2020-06-01,2020-09-01,0,0,0,NA,0
Guit,2021-10-01,146.43717428283122,r27,Oct-21,13.1,No,2021,Oct,2021-07-01,2021-10-01,0,0,0,NA,0
Guit,2022-08-01,87.85061003332285,r28,Aug-22,20.8,Yes,2022,Aug,2022-05-01,2022-08-01,2,1,2093,NA,1
Guit,2023-07-01,56.3676235684771,r29,Jul-23,16.9,Yes,2023,Jul,2023-04-01,2023-07-01,0,0,0,NA,1
Guit,2024-07-01,57.10411884029037,r30,Jul-24,10.9,No,2024,Jul,2024-04-01,2024-07-01,0,0,0,NA,0
Ibba,2019-07-01,140.47570667785607,r24,Jul-19,3.1,No,2019,Jul,2019-04-01,2019-07-01,0,0,0,NA,0
Ibba,2019-12-01,159.86148506055116,r25,Dec-19,3.4,No,2019,Dec,2019-09-01,2019-12-01,0,0,0,NA,0
Ibba,2020-09-01,194.96219485368871,r26,Sep-20,3.6,No,2020,Sep,2020-06-01,2020-09-01,0,0,0,NA,0
Ibba,2021-10-01,175.72523361848897,r27,Oct-21,3.6,No,2021,Oct,2021-07-01,2021-10-01,0,0,0,NA,0
Ibba,2022-08-01,140.3871841100202,r28,Aug-22,5.3,No,2022,Aug,2022-05-01,2022-08-01,0,0,0,NA,0
Ibba,2023-07-01,150.92235716647227,r29,Jul-23,11.3,No,2023,Jul,2023-04-01,2023-07-01,12,12,72698,NA,0
Ibba,2024-07-01,117.49858011234237,r30,Jul-24,2.7,No,2024,Jul,2024-04-01,2024-07-01,5,4,25823,NA,0
Ikotos,2019-07-01,103.65842230706218,r24,Jul-19,7.5,No,2019,Jul,2019-04-01,2019-07-01,0,0,0,NA,0
Ikotos,2019-12-01,127.59841490584289,r25,Dec-19,6.2,No,2019,Dec,2019-09-01,2019-12-01,0,0,0,NA,0
Ikotos,2020-09-01,164.36783227974146,r26,Sep-20,11.3,No,2020,Sep,2020-06-01,2020-09-01,0,0,0,NA,0
Ikotos,2021-10-01,127.42173210998988,r27,Oct-21,11.3,No,2021,Oct,2021-07-01,2021-10-01,0,0,0,NA,0
Ikotos,2022-08-01,101.28367615866546,r28,Aug-22,11.5,No,2022,Aug,2022-05-01,2022-08-01,4,4,8134,NA,0
Ikotos,2023-07-01,93.82394151811944,r29,Jul-23,16.3,Yes,2023,Jul,2023-04-01,2023-07-01,19,16,323424,NA,1
Ikotos,2024-07-01,94.51518642747826,r30,Jul-24,6.7,No,2024,Jul,2024-04-01,2024-07-01,11,5,181326,NA,0
Juba,2019-07-01,118.04794614152816,r24,Jul-19,11.7,No,2019,Jul,2019-04-01,2019-07-01,0,0,0,NA,0
Juba,2019-12-01,132.87210402400174,r25,Dec-19,10.5,No,2019,Dec,2019-09-01,2019-12-01,0,0,0,NA,0
Juba,2020-09-01,151.30728073938053,r26,Sep-20,7.5,No,2020,Sep,2020-06-01,2020-09-01,0,0,0,6371.405105726154,0
Juba,2021-10-01,136.1842550372384,r27,Oct-21,7.5,No,2021,Oct,2021-07-01,2021-10-01,0,0,0,10965.199777394331,0
Juba,2022-08-01,105.97566748875866,r28,Aug-22,6.3,No,2022,Aug,2022-05-01,2022-08-01,14,7,16956,13045.250628892856,0
Juba,2023-07-01,95.51827973718471,r29,Jul-23,17.3,Yes,2023,Jul,2023-04-01,2023-07-01,144,197,243199,6594.309530619131,1
Juba,2024-07-01,94.66295120718053,r30,Jul-24,7.5,No,2024,Jul,2024-04-01,2024-07-01,105,71,226603,12515.903758175742,0
Jur River,2019-07-01,109.26569806137434,r24,Jul-19,8.9,No,2019,Jul,2019-04-01,2019-07-01,0,0,0,NA,0
Jur River,2019-12-01,119.34690202644352,r25,Dec-19,9.5,No,2019,Dec,2019-09-01,2019-12-01,0,0,0,NA,0
Jur River,2020-09-01,155.80927209151898,r26,Sep-20,8,No,2020,Sep,2020-06-01,2020-09-01,0,0,0,NA,0
Jur River,2021-10-01,178.28322032695849,r27,Oct-21,8,No,2021,Oct,2021-07-01,2021-10-01,0,0,0,NA,0
Jur River,2022-08-01,131.9398658970102,r28,Aug-22,6,No,2022,Aug,2022-05-01,2022-08-01,5,2,6305,NA,0
Jur River,2023-07-01,99.65353445958534,r29,Jul-23,26.9,Yes,2023,Jul,2023-04-01,2023-07-01,0,0,0,NA,1
Jur River,2024-07-01,81.83194461415452,r30,Jul-24,14.5,No,2024,Jul,2024-04-01,2024-07-01,36,43,49173,NA,0
Kapoeta East,2019-07-01,75.45324829197102,r24,Jul-19,16.5,Yes,2019,Jul,2019-04-01,2019-07-01,0,0,0,NA,1
Kapoeta East,2019-12-01,90.04981678683312,r25,Dec-19,10.8,No,2019,Dec,2019-09-01,2019-12-01,0,0,0,NA,0
Kapoeta East,2020-09-01,78.10486832794908,r26,Sep-20,5.6,No,2020,Sep,2020-06-01,2020-09-01,0,0,0,NA,0
Kapoeta East,2021-10-01,68.37638948930962,r27,Oct-21,5.6,No,2021,Oct,2021-07-01,2021-10-01,0,0,0,NA,0
Kapoeta East,2022-08-01,70.97682621750764,r28,Aug-22,3.8,No,2022,Aug,2022-05-01,2022-08-01,2,4,51678,NA,0
Kapoeta East,2023-07-01,83.53104524571124,r29,Jul-23,13.6,No,2023,Jul,2023-04-01,2023-07-01,31,57,234112,NA,0
Kapoeta East,2024-07-01,96.91798619690437,r30,Jul-24,18.7,Yes,2024,Jul,2024-04-01,2024-07-01,60,218,507844,NA,1
Kapoeta North,2019-07-01,82.55209810194,r24,Jul-19,10.1,No,2019,Jul,2019-04-01,2019-07-01,0,0,0,NA,0
Kapoeta North,2019-12-01,121.853690806527,r25,Dec-19,12.1,No,2019,Dec,2019-09-01,2019-12-01,0,0,0,NA,0
Kapoeta North,2020-09-01,116.06871233738416,r26,Sep-20,5.7,No,2020,Sep,2020-06-01,2020-09-01,0,0,0,NA,0
Kapoeta North,2021-10-01,108.89846165039276,r27,Oct-21,5.7,No,2021,Oct,2021-07-01,2021-10-01,0,0,0,NA,0
Kapoeta North,2022-08-01,82.09918655146951,r28,Aug-22,8.8,No,2022,Aug,2022-05-01,2022-08-01,1,0,943,NA,0
Kapoeta North,2023-07-01,78.12409456941741,r29,Jul-23,5.3,No,2023,Jul,2023-04-01,2023-07-01,10,42,362356,NA,0
Kapoeta North,2024-07-01,86.71280168915756,r30,Jul-24,9.6,No,2024,Jul,2024-04-01,2024-07-01,23,26,171874,NA,0
Kapoeta South,2019-07-01,79.66426878243139,r24,Jul-19,12.9,No,2019,Jul,2019-04-01,2019-07-01,0,0,0,NA,0
Kapoeta South,2019-12-01,103.7905654937706,r25,Dec-19,13.7,No,2019,Dec,2019-09-01,2019-12-01,0,0,0,NA,0
Kapoeta South,2020-09-01,108.49592215952516,r26,Sep-20,8.4,No,2020,Sep,2020-06-01,2020-09-01,0,0,0,5488.380632526672,0
Kapoeta South,2021-10-01,97.2112075136478,r27,Oct-21,8.4,No,2021,Oct,2021-07-01,2021-10-01,0,0,0,8676.59952567766,0
Kapoeta South,2022-08-01,77.8324843477415,r28,Aug-22,8.7,No,2022,Aug,2022-05-01,2022-08-01,1,0,0,8383.250155879075,0
Kapoeta South,2023-07-01,86.46918797245502,r29,Jul-23,15.6,Yes,2023,Jul,2023-04-01,2023-07-01,22,23,476535,3476.0292395927618,1
Kapoeta South,2024-07-01,85.62725856498508,r30,Jul-24,19.3,Yes,2024,Jul,2024-04-01,2024-07-01,15,33,294626,7098.627746512829,1
Koch,2019-07-01,85.8225751072628,r24,Jul-19,11.3,No,2019,Jul,2019-04-01,2019-07-01,0,0,0,NA,0
Koch,2019-12-01,107.88926339634378,r25,Dec-19,8.7,No,2019,Dec,2019-09-01,2019-12-01,0,0,0,NA,0
Koch,2020-09-01,148.8853940294121,r26,Sep-20,11.6,No,2020,Sep,2020-06-01,2020-09-01,0,0,0,NA,0
Koch,2021-10-01,149.9628301509514,r27,Oct-21,11.6,No,2021,Oct,2021-07-01,2021-10-01,0,0,0,NA,0
Koch,2022-08-01,89.56759780720468,r28,Aug-22,11.9,No,2022,Aug,2022-05-01,2022-08-01,2,3,4089,NA,0
Koch,2023-07-01,62.63664323829909,r29,Jul-23,12.7,No,2023,Jul,2023-04-01,2023-07-01,4,2,2661,NA,0
Koch,2024-07-01,58.46792862243599,r30,Jul-24,19.6,Yes,2024,Jul,2024-04-01,2024-07-01,4,1,1916,NA,1
Lafon,2019-07-01,93.42344492363168,r24,Jul-19,12.9,No,2019,Jul,2019-04-01,2019-07-01,0,0,0,NA,0
Lafon,2019-12-01,122.29801199605018,r25,Dec-19,7.1,No,2019,Dec,2019-09-01,2019-12-01,0,0,0,NA,0
Lafon,2020-09-01,141.25527259315248,r26,Sep-20,11.7,No,2020,Sep,2020-06-01,2020-09-01,0,0,0,NA,0
Lafon,2021-10-01,107.20326985965986,r27,Oct-21,11.7,No,2021,Oct,2021-07-01,2021-10-01,0,0,0,NA,0
Lafon,2022-08-01,92.81655247775402,r28,Aug-22,11.7,No,2022,Aug,2022-05-01,2022-08-01,1,0,31645,NA,0
Lafon,2023-07-01,72.52010400822888,r29,Jul-23,7.9,No,2023,Jul,2023-04-01,2023-07-01,37,64,994399,NA,0
Lafon,2024-07-01,84.96236565446107,r30,Jul-24,19.3,Yes,2024,Jul,2024-04-01,2024-07-01,7,1,43724,NA,1
Lainya,2019-07-01,145.2363221908777,r24,Jul-19,6.6,No,2019,Jul,2019-04-01,2019-07-01,0,0,0,NA,0
Lainya,2019-12-01,153.9560823877305,r25,Dec-19,4.3,No,2019,Dec,2019-09-01,2019-12-01,0,0,0,NA,0
Lainya,2020-09-01,170.73703739841417,r26,Sep-20,7.9,No,2020,Sep,2020-06-01,2020-09-01,0,0,0,NA,0
Lainya,2021-10-01,156.72691966441417,r27,Oct-21,7.9,No,2021,Oct,2021-07-01,2021-10-01,0,0,0,NA,0
Lainya,2022-08-01,121.51411268425446,r28,Aug-22,11.3,No,2022,Aug,2022-05-01,2022-08-01,0,0,0,NA,0
Lainya,2023-07-01,124.66353577963892,r29,Jul-23,16.4,Yes,2023,Jul,2023-04-01,2023-07-01,18,47,68038,NA,1
Lainya,2024-07-01,107.51457108687066,r30,Jul-24,38.5,Yes,2024,Jul,2024-04-01,2024-07-01,10,18,45658,NA,1
Leer,2019-07-01,94.08592423687516,r24,Jul-19,16.7,Yes,2019,Jul,2019-04-01,2019-07-01,0,0,0,NA,1
Leer,2019-12-01,92.95684372833328,r25,Dec-19,14.5,No,2019,Dec,2019-09-01,2019-12-01,0,0,0,NA,0
Leer,2020-09-01,152.16313662559688,r26,Sep-20,16.1,Yes,2020,Sep,2020-06-01,2020-09-01,0,0,0,NA,1
Leer,2021-10-01,134.67308406932838,r27,Oct-21,16.1,Yes,2021,Oct,2021-07-01,2021-10-01,0,0,0,NA,1
Leer,2022-08-01,85.84191831733024,r28,Aug-22,10.9,No,2022,Aug,2022-05-01,2022-08-01,0,0,0,NA,0
Leer,2024-07-01,63.274429337624426,r30,Jul-24,20,Yes,2024,Jul,2024-04-01,2024-07-01,0,0,0,NA,1
Longochuk,2019-07-01,80.84392673179589,r24,Jul-19,14.7,No,2019,Jul,2019-04-01,2019-07-01,0,0,0,NA,0
Longochuk,2019-12-01,117.48397092273687,r25,Dec-19,17.1,Yes,2019,Dec,2019-09-01,2019-12-01,0,0,0,NA,1
Longochuk,2020-09-01,138.95716914494892,r26,Sep-20,15.8,Yes,2020,Sep,2020-06-01,2020-09-01,0,0,0,NA,1
Longochuk,2021-10-01,139.48601691012126,r27,Oct-21,15.8,Yes,2021,Oct,2021-07-01,2021-10-01,0,0,0,NA,1
Longochuk,2022-08-01,117.43678066442742,r28,Aug-22,60.2,Yes,2022,Aug,2022-05-01,2022-08-01,1,4,1008,NA,1
Longochuk,2023-07-01,65.3698562265177,r29,Jul-23,20.9,Yes,2023,Jul,2023-04-01,2023-07-01,6,11,21810,NA,1
Longochuk,2024-07-01,69.7418721322366,r30,Jul-24,22.7,Yes,2024,Jul,2024-04-01,2024-07-01,3,0,5660,NA,1
Luakpiny/Nasir,2019-07-01,81.06401633927986,r24,Jul-19,52.8,Yes,2019,Jul,2019-04-01,2019-07-01,0,0,0,NA,1
Luakpiny/Nasir,2019-12-01,113.97549125725368,r25,Dec-19,20.3,Yes,2019,Dec,2019-09-01,2019-12-01,0,0,0,NA,1
Luakpiny/Nasir,2022-08-01,119.70933051862232,r28,Aug-22,17.3,Yes,2022,Aug,2022-05-01,2022-08-01,0,0,0,NA,1
Luakpiny/Nasir,2023-07-01,68.86076872795064,r29,Jul-23,16.9,Yes,2023,Jul,2023-04-01,2023-07-01,10,11,52853,NA,1
Luakpiny/Nasir,2024-07-01,68.43796682800264,r30,Jul-24,20.1,Yes,2024,Jul,2024-04-01,2024-07-01,23,33,97944,NA,1
Maban,2019-07-01,71.14757475085868,r24,Jul-19,10.8,No,2019,Jul,2019-04-01,2019-07-01,0,0,0,NA,0
Maban,2019-12-01,112.30211669512856,r25,Dec-19,3.6,No,2019,Dec,2019-09-01,2019-12-01,0,0,0,NA,0
Maban,2020-09-01,121.54546677869354,r26,Sep-20,7.7,No,2020,Sep,2020-06-01,2020-09-01,0,0,0,3311.6386714656524,0
Maban,2021-10-01,134.43931529810746,r27,Oct-21,7.7,No,2021,Oct,2021-07-01,2021-10-01,0,0,0,7914.326365121058,0
Maban,2022-08-01,103.7374374981692,r28,Aug-22,6.8,No,2022,Aug,2022-05-01,2022-08-01,3,0,1328,5812.193201460728,0
Maban,2023-07-01,47.82177173638991,r29,Jul-23,18.5,Yes,2023,Jul,2023-04-01,2023-07-01,15,8,18104,7214.906610277005,1
Maban,2024-07-01,56.76696795977816,r30,Jul-24,13.7,No,2024,Jul,2024-04-01,2024-07-01,4,3,4211,13924.069919935371,0
Magwi,2019-07-01,127.81379729792232,r24,Jul-19,4.1,No,2019,Jul,2019-04-01,2019-07-01,0,0,0,NA,0
Magwi,2019-12-01,145.77783394635543,r25,Dec-19,9.7,No,2019,Dec,2019-09-01,2019-12-01,0,0,0,NA,0
Magwi,2020-09-01,159.43212894008252,r26,Sep-20,4.8,No,2020,Sep,2020-06-01,2020-09-01,0,0,0,NA,0
Magwi,2021-10-01,145.23880875023443,r27,Oct-21,4.8,No,2021,Oct,2021-07-01,2021-10-01,0,0,0,NA,0
Magwi,2022-08-01,109.02513120094112,r28,Aug-22,6.9,No,2022,Aug,2022-05-01,2022-08-01,1,3,10621,NA,0
Magwi,2023-07-01,103.95087697113776,r29,Jul-23,9.8,No,2023,Jul,2023-04-01,2023-07-01,10,7,217263,NA,0
Magwi,2024-07-01,97.92965003014058,r30,Jul-24,6.1,No,2024,Jul,2024-04-01,2024-07-01,25,22,1161416,NA,0
Maiwut,2019-07-01,85.06788186288138,r24,Jul-19,22.3,Yes,2019,Jul,2019-04-01,2019-07-01,0,0,0,NA,1
Maiwut,2019-12-01,127.084039500546,r25,Dec-19,17,Yes,2019,Dec,2019-09-01,2019-12-01,0,0,0,NA,1
Maiwut,2020-09-01,153.90527724875753,r26,Sep-20,7.3,No,2020,Sep,2020-06-01,2020-09-01,0,0,0,NA,0
Maiwut,2021-10-01,145.3691170328203,r27,Oct-21,7.3,No,2021,Oct,2021-07-01,2021-10-01,0,0,0,NA,0
Maiwut,2022-08-01,125.6087693203868,r28,Aug-22,26.6,Yes,2022,Aug,2022-05-01,2022-08-01,0,0,0,NA,1
Maiwut,2023-07-01,81.88082811760174,r29,Jul-23,10.8,No,2023,Jul,2023-04-01,2023-07-01,14,3,31985,NA,0
Maiwut,2024-07-01,73.00870815858232,r30,Jul-24,8.1,No,2024,Jul,2024-04-01,2024-07-01,0,0,0,NA,0
Malakal,2019-07-01,73.88616285200851,r24,Jul-19,1.3,No,2019,Jul,2019-04-01,2019-07-01,0,0,0,NA,0
Malakal,2019-12-01,97.34979287978936,r25,Dec-19,12,No,2019,Dec,2019-09-01,2019-12-01,0,0,0,NA,0
Malakal,2020-09-01,129.65260129268245,r26,Sep-20,14.1,No,2020,Sep,2020-06-01,2020-09-01,0,0,0,5605.574462929166,0
Malakal,2021-10-01,125.17857119500825,r27,Oct-21,14.1,No,2021,Oct,2021-07-01,2021-10-01,0,0,0,5713.109002230198,0
Malakal,2022-08-01,98.39161247246162,r28,Aug-22,14,No,2022,Aug,2022-05-01,2022-08-01,2,1,131622,4953.004375105401,0
Malakal,2023-07-01,55.329738857533826,r29,Jul-23,20,Yes,2023,Jul,2023-04-01,2023-07-01,41,58,569688,5013.025768364891,1
Malakal,2024-07-01,53.38804478495716,r30,Jul-24,22.4,Yes,2024,Jul,2024-04-01,2024-07-01,34,14,585126,5361.763181825599,1
Manyo,2019-07-01,48.79276923155124,r24,Jul-19,21,Yes,2019,Jul,2019-04-01,2019-07-01,0,0,0,NA,1
Manyo,2019-12-01,78.03886251837733,r25,Dec-19,12.9,No,2019,Dec,2019-09-01,2019-12-01,0,0,0,NA,0
Manyo,2022-08-01,66.96739247281991,r28,Aug-22,21.7,Yes,2022,Aug,2022-05-01,2022-08-01,1,0,0,NA,1
Manyo,2023-07-01,37.339143691822365,r29,Jul-23,5.1,No,2023,Jul,2023-04-01,2023-07-01,0,0,0,NA,0
Manyo,2024-07-01,37.44515904314861,r30,Jul-24,25.4,Yes,2024,Jul,2024-04-01,2024-07-01,0,0,0,NA,1
Maridi,2019-07-01,134.96708349047077,r24,Jul-19,6.3,No,2019,Jul,2019-04-01,2019-07-01,0,0,0,NA,0
Maridi,2019-12-01,148.88477319758604,r25,Dec-19,4.8,No,2019,Dec,2019-09-01,2019-12-01,0,0,0,NA,0
Maridi,2020-09-01,183.14134452303776,r26,Sep-20,5.5,No,2020,Sep,2020-06-01,2020-09-01,0,0,0,NA,0
Maridi,2021-10-01,164.06291733485773,r27,Oct-21,5.5,No,2021,Oct,2021-07-01,2021-10-01,0,0,0,NA,0
Maridi,2022-08-01,127.73606752394753,r28,Aug-22,5.1,No,2022,Aug,2022-05-01,2022-08-01,1,0,204,NA,0
Maridi,2023-07-01,142.15227241324396,r29,Jul-23,16.9,Yes,2023,Jul,2023-04-01,2023-07-01,0,0,0,NA,1
Maridi,2024-07-01,107.58338706429409,r30,Jul-24,31.1,Yes,2024,Jul,2024-04-01,2024-07-01,0,0,0,NA,1
Mayendit,2019-07-01,92.16588074984897,r24,Jul-19,46.9,Yes,2019,Jul,2019-04-01,2019-07-01,0,0,0,NA,1
Mayendit,2019-12-01,95.060742495262,r25,Dec-19,6.5,No,2019,Dec,2019-09-01,2019-12-01,0,0,0,NA,0
Mayendit,2020-09-01,157.7966215591791,r26,Sep-20,12.1,No,2020,Sep,2020-06-01,2020-09-01,0,0,0,NA,0
Mayendit,2021-10-01,137.26008256052071,r27,Oct-21,12.1,No,2021,Oct,2021-07-01,2021-10-01,0,0,0,NA,0
Mayendit,2022-08-01,87.22840844765545,r28,Aug-22,18.8,Yes,2022,Aug,2022-05-01,2022-08-01,0,0,0,NA,1
Mayendit,2024-07-01,66.45982396557714,r30,Jul-24,21.7,Yes,2024,Jul,2024-04-01,2024-07-01,8,5,29419,NA,1
Mayom,2019-07-01,78.16935520665284,r24,Jul-19,13.2,No,2019,Jul,2019-04-01,2019-07-01,0,0,0,NA,0
Mayom,2019-12-01,113.60017163880808,r25,Dec-19,8.5,No,2019,Dec,2019-09-01,2019-12-01,0,0,0,NA,0
Mayom,2023-07-01,56.185646287512185,r29,Jul-23,15.8,Yes,2023,Jul,2023-04-01,2023-07-01,31,43,63676,NA,1
Mayom,2024-07-01,52.0313052730171,r30,Jul-24,42.1,Yes,2024,Jul,2024-04-01,2024-07-01,15,50,48882,NA,1
Melut,2019-07-01,62.31354226120001,r24,Jul-19,25.5,Yes,2019,Jul,2019-04-01,2019-07-01,0,0,0,NA,1
Melut,2019-12-01,100.07611808412756,r25,Dec-19,20.7,Yes,2019,Dec,2019-09-01,2019-12-01,0,0,0,NA,1
Melut,2022-08-01,91.0605402747548,r28,Aug-22,29.1,Yes,2022,Aug,2022-05-01,2022-08-01,0,0,0,4905.6336186017925,1
Melut,2023-07-01,42.89132360749171,r29,Jul-23,15,No,2023,Jul,2023-04-01,2023-07-01,7,24,14535,5644.5046584594365,0
Melut,2024-07-01,46.44124788787951,r30,Jul-24,23.6,Yes,2024,Jul,2024-04-01,2024-07-01,0,0,0,NA,1
Morobo,2019-07-01,141.5942990542759,r24,Jul-19,3.2,No,2019,Jul,2019-04-01,2019-07-01,0,0,0,NA,0
Morobo,2019-12-01,173.70183951562166,r25,Dec-19,5.2,No,2019,Dec,2019-09-01,2019-12-01,0,0,0,NA,0
Morobo,2022-08-01,124.84229761957413,r28,Aug-22,6.7,No,2022,Aug,2022-05-01,2022-08-01,1,0,1370,NA,0
Morobo,2023-07-01,133.10078844936697,r29,Jul-23,15.4,Yes,2023,Jul,2023-04-01,2023-07-01,11,0,6383,NA,1
Morobo,2024-07-01,106.0757097319216,r30,Jul-24,4.8,No,2024,Jul,2024-04-01,2024-07-01,16,2,33236,NA,0
Mundri East,2019-07-01,109.497919942911,r24,Jul-19,7.7,No,2019,Jul,2019-04-01,2019-07-01,0,0,0,NA,0
Mundri East,2019-12-01,116.5788504566441,r25,Dec-19,6.3,No,2019,Dec,2019-09-01,2019-12-01,0,0,0,NA,0
Mundri East,2020-09-01,131.26009354542327,r26,Sep-20,3.9,No,2020,Sep,2020-06-01,2020-09-01,0,0,0,NA,0
Mundri East,2021-10-01,144.548644225199,r27,Oct-21,3.9,No,2021,Oct,2021-07-01,2021-10-01,0,0,0,NA,0
Mundri East,2022-08-01,93.3645133674836,r28,Aug-22,1.8,No,2022,Aug,2022-05-01,2022-08-01,2,2,1388,NA,0
Mundri East,2023-07-01,105.94238264113302,r29,Jul-23,15,No,2023,Jul,2023-04-01,2023-07-01,8,17,9124,NA,0
Mundri East,2024-07-01,87.820581495324,r30,Jul-24,26.6,Yes,2024,Jul,2024-04-01,2024-07-01,6,4,4469,NA,1
Mundri West,2019-07-01,122.41272073592047,r24,Jul-19,2,No,2019,Jul,2019-04-01,2019-07-01,0,0,0,NA,0
Mundri West,2019-12-01,130.71141786630903,r25,Dec-19,4.5,No,2019,Dec,2019-09-01,2019-12-01,0,0,0,NA,0
Mundri West,2020-09-01,154.10624002643868,r26,Sep-20,0.9,No,2020,Sep,2020-06-01,2020-09-01,0,0,0,NA,0
Mundri West,2021-10-01,156.10801250968456,r27,Oct-21,0.9,No,2021,Oct,2021-07-01,2021-10-01,0,0,0,NA,0
Mundri West,2022-08-01,107.4618444697615,r28,Aug-22,1.1,No,2022,Aug,2022-05-01,2022-08-01,0,0,0,NA,0
Mundri West,2023-07-01,119.63040557269764,r29,Jul-23,7.1,No,2023,Jul,2023-04-01,2023-07-01,11,36,21410,NA,0
Mundri West,2024-07-01,93.89081922430218,r30,Jul-24,8.3,No,2024,Jul,2024-04-01,2024-07-01,0,0,0,NA,0
Mvolo,2019-07-01,106.99621956301638,r24,Jul-19,7.9,No,2019,Jul,2019-04-01,2019-07-01,0,0,0,NA,0
Mvolo,2019-12-01,111.05110867626792,r25,Dec-19,5.8,No,2019,Dec,2019-09-01,2019-12-01,0,0,0,NA,0
Mvolo,2020-09-01,139.0164316739183,r26,Sep-20,9.1,No,2020,Sep,2020-06-01,2020-09-01,0,0,0,NA,0
Mvolo,2021-10-01,147.39848396330154,r27,Oct-21,9.1,No,2021,Oct,2021-07-01,2021-10-01,0,0,0,NA,0
Mvolo,2022-08-01,109.24086735800832,r28,Aug-22,2.1,No,2022,Aug,2022-05-01,2022-08-01,0,0,0,NA,0
Mvolo,2023-07-01,105.7831907899889,r29,Jul-23,15.1,Yes,2023,Jul,2023-04-01,2023-07-01,6,2,15555,NA,1
Mvolo,2024-07-01,87.6652859942145,r30,Jul-24,14.4,No,2024,Jul,2024-04-01,2024-07-01,0,0,0,NA,0
Nagero,2019-07-01,130.72191113685255,r24,Jul-19,0.9,No,2019,Jul,2019-04-01,2019-07-01,0,0,0,NA,0
Nagero,2019-12-01,137.62599325942642,r25,Dec-19,2.6,No,2019,Dec,2019-09-01,2019-12-01,0,0,0,NA,0
Nagero,2022-08-01,147.95965579526467,r28,Aug-22,1.1,No,2022,Aug,2022-05-01,2022-08-01,0,0,0,NA,0
Nagero,2023-07-01,133.35009192371223,r29,Jul-23,13,No,2023,Jul,2023-04-01,2023-07-01,0,0,0,NA,0
Nagero,2024-07-01,101.18767930887162,r30,Jul-24,8.4,No,2024,Jul,2024-04-01,2024-07-01,0,0,0,NA,0
Nyirol,2019-07-01,90.142122112005,r24,Jul-19,23.6,Yes,2019,Jul,2019-04-01,2019-07-01,0,0,0,NA,1
Nyirol,2019-12-01,106.39065128366364,r25,Dec-19,16.5,Yes,2019,Dec,2019-09-01,2019-12-01,0,0,0,NA,1
Nyirol,2020-09-01,147.06387245306132,r26,Sep-20,83,Yes,2020,Sep,2020-06-01,2020-09-01,0,0,0,NA,1
Nyirol,2021-10-01,142.869910160352,r27,Oct-21,83,Yes,2021,Oct,2021-07-01,2021-10-01,0,0,0,NA,1
Nyirol,2022-08-01,114.75831570903892,r28,Aug-22,13.4,No,2022,Aug,2022-05-01,2022-08-01,1,0,809,NA,0
Nyirol,2023-07-01,65.5258719631816,r29,Jul-23,16.5,Yes,2023,Jul,2023-04-01,2023-07-01,72,86,163631,NA,1
Nzara,2019-07-01,149.6399547500924,r24,Jul-19,0,No,2019,Jul,2019-04-01,2019-07-01,0,0,0,NA,0
Nzara,2019-12-01,149.01595019895623,r25,Dec-19,4.1,No,2019,Dec,2019-09-01,2019-12-01,0,0,0,NA,0
Nzara,2020-09-01,185.4803230533113,r26,Sep-20,5.7,No,2020,Sep,2020-06-01,2020-09-01,0,0,0,NA,0
Nzara,2021-10-01,186.87341686841023,r27,Oct-21,5.7,No,2021,Oct,2021-07-01,2021-10-01,0,0,0,NA,0
Nzara,2022-08-01,144.86501285846748,r28,Aug-22,3.8,No,2022,Aug,2022-05-01,2022-08-01,0,0,0,NA,0
Nzara,2023-07-01,146.55506284042605,r29,Jul-23,7.8,No,2023,Jul,2023-04-01,2023-07-01,0,0,0,NA,0
Nzara,2024-07-01,112.30095885588403,r30,Jul-24,16,Yes,2024,Jul,2024-04-01,2024-07-01,0,0,0,NA,1
Panyijiar,2019-07-01,83.62602686735329,r24,Jul-19,21.4,Yes,2019,Jul,2019-04-01,2019-07-01,0,0,0,NA,1
Panyijiar,2019-12-01,85.98121886954202,r25,Dec-19,10.3,No,2019,Dec,2019-09-01,2019-12-01,0,0,0,NA,0
Panyijiar,2022-08-01,83.829760901634,r28,Aug-22,27.8,Yes,2022,Aug,2022-05-01,2022-08-01,0,0,0,NA,1
Panyijiar,2023-07-01,65.54474401316259,r29,Jul-23,12,No,2023,Jul,2023-04-01,2023-07-01,15,6,41845,NA,0
Panyijiar,2024-07-01,66.07985366154708,r30,Jul-24,25,Yes,2024,Jul,2024-04-01,2024-07-01,8,9,14030,NA,1
Panyikang,2019-07-01,75.86198468791349,r24,Jul-19,19.6,Yes,2019,Jul,2019-04-01,2019-07-01,0,0,0,NA,1
Panyikang,2019-12-01,104.28482249240992,r25,Dec-19,11.1,No,2019,Dec,2019-09-01,2019-12-01,0,0,0,NA,0
Panyikang,2020-09-01,135.25502683949253,r26,Sep-20,17.9,Yes,2020,Sep,2020-06-01,2020-09-01,0,0,0,NA,1
Panyikang,2021-10-01,133.68260422640182,r27,Oct-21,17.9,Yes,2021,Oct,2021-07-01,2021-10-01,0,0,0,NA,1
Panyikang,2023-07-01,60.44793856212034,r29,Jul-23,24.3,Yes,2023,Jul,2023-04-01,2023-07-01,12,18,27642,NA,1
Panyikang,2024-07-01,57.684021475159874,r30,Jul-24,16.5,Yes,2024,Jul,2024-04-01,2024-07-01,6,9,12413,NA,1
Pariang,2019-07-01,73.14692355524562,r24,Jul-19,23.3,Yes,2019,Jul,2019-04-01,2019-07-01,0,0,0,NA,1
Pariang,2019-12-01,125.57790539164372,r25,Dec-19,12.3,No,2019,Dec,2019-09-01,2019-12-01,0,0,0,NA,0
Pariang,2020-09-01,129.90143026027545,r26,Sep-20,17,Yes,2020,Sep,2020-06-01,2020-09-01,0,0,0,3447.446746046577,1
Pariang,2021-10-01,142.75091017982106,r27,Oct-21,17,Yes,2021,Oct,2021-07-01,2021-10-01,0,0,0,6405.753601437025,1
Pariang,2022-08-01,96.82803091228492,r28,Aug-22,15.3,Yes,2022,Aug,2022-05-01,2022-08-01,0,0,0,4765.6738345075,1
Pariang,2023-07-01,61.94028765791788,r29,Jul-23,18.9,Yes,2023,Jul,2023-04-01,2023-07-01,6,17,19532,4426.084492204639,1
Pariang,2024-07-01,54.31818351545399,r30,Jul-24,13.1,No,2024,Jul,2024-04-01,2024-07-01,6,20,7798,8999.2698540759,0
Pibor,2019-07-01,100.6506414472816,r24,Jul-19,8.6,No,2019,Jul,2019-04-01,2019-07-01,0,0,0,NA,0
Pibor,2019-12-01,165.47252952081752,r25,Dec-19,11.8,No,2019,Dec,2019-09-01,2019-12-01,0,0,0,NA,0
Pibor,2020-09-01,155.99335075153732,r26,Sep-20,11.2,No,2020,Sep,2020-06-01,2020-09-01,0,0,0,NA,0
Pibor,2021-10-01,126.905670055866,r27,Oct-21,11.2,No,2021,Oct,2021-07-01,2021-10-01,0,0,0,NA,0
Pibor,2022-08-01,124.34985324000256,r28,Aug-22,14.4,No,2022,Aug,2022-05-01,2022-08-01,10,5,25393,NA,0
Pibor,2023-07-01,91.23125325043208,r29,Jul-23,15.7,Yes,2023,Jul,2023-04-01,2023-07-01,50,66,62639,NA,1
Pibor,2024-07-01,98.77875837065912,r30,Jul-24,23.2,Yes,2024,Jul,2024-04-01,2024-07-01,68,143,100776,20979.717033553858,1
Pochalla,2019-07-01,95.08289976463,r24,Jul-19,11.5,No,2019,Jul,2019-04-01,2019-07-01,0,0,0,NA,0
Pochalla,2019-12-01,180.46222756241391,r25,Dec-19,11.3,No,2019,Dec,2019-09-01,2019-12-01,0,0,0,NA,0
Pochalla,2020-09-01,164.18091018152492,r26,Sep-20,7.6,No,2020,Sep,2020-06-01,2020-09-01,0,0,0,NA,0
Pochalla,2021-10-01,127.12821616985929,r27,Oct-21,7.6,No,2021,Oct,2021-07-01,2021-10-01,0,0,0,NA,0
Pochalla,2022-08-01,137.90057705358234,r28,Aug-22,9.9,No,2022,Aug,2022-05-01,2022-08-01,1,1,850,NA,0
Pochalla,2023-07-01,97.94272672071556,r29,Jul-23,15.7,Yes,2023,Jul,2023-04-01,2023-07-01,12,13,12524,NA,1
Pochalla,2024-07-01,99.72183175145436,r30,Jul-24,7.4,No,2024,Jul,2024-04-01,2024-07-01,4,14,7482,NA,0
Raja,2019-07-01,98.95091600855892,r24,Jul-19,15.2,Yes,2019,Jul,2019-04-01,2019-07-01,0,0,0,NA,1
Raja,2019-12-01,128.04398587497656,r25,Dec-19,1.7,No,2019,Dec,2019-09-01,2019-12-01,0,0,0,NA,0
Raja,2020-09-01,171.73166239482447,r26,Sep-20,6,No,2020,Sep,2020-06-01,2020-09-01,0,0,0,NA,0
Raja,2021-10-01,199.3037309358279,r27,Oct-21,6,No,2021,Oct,2021-07-01,2021-10-01,0,0,0,NA,0
Raja,2022-08-01,153.55063885278582,r28,Aug-22,5.3,No,2022,Aug,2022-05-01,2022-08-01,1,0,2242,NA,0
Raja,2023-07-01,90.90673138449505,r29,Jul-23,16.1,Yes,2023,Jul,2023-04-01,2023-07-01,0,0,0,NA,1
Raja,2024-07-01,80.20502163109968,r30,Jul-24,7.1,No,2024,Jul,2024-04-01,2024-07-01,0,0,0,NA,0
Renk,2019-07-01,51.17515355700523,r24,Jul-19,11.9,No,2019,Jul,2019-04-01,2019-07-01,0,0,0,NA,0
Renk,2019-12-01,80.06409734663055,r25,Dec-19,9.8,No,2019,Dec,2019-09-01,2019-12-01,0,0,0,NA,0
Renk,2022-08-01,71.920543168341,r28,Aug-22,15.9,Yes,2022,Aug,2022-05-01,2022-08-01,0,0,0,5293.3374563768275,1
Renk,2023-07-01,34.02856014627351,r29,Jul-23,22.4,Yes,2023,Jul,2023-04-01,2023-07-01,24,22,365609,5735.490056377473,1
Renk,2024-07-01,40.369684105287334,r30,Jul-24,26.5,Yes,2024,Jul,2024-04-01,2024-07-01,0,0,0,16089.876051085354,1
Rubkona,2019-07-01,72.31128554472883,r24,Jul-19,20.4,Yes,2019,Jul,2019-04-01,2019-07-01,0,0,0,NA,1
Rubkona,2019-12-01,117.93903830280412,r25,Dec-19,9.6,No,2019,Dec,2019-09-01,2019-12-01,0,0,0,NA,0
Rubkona,2020-09-01,125.21873120911393,r26,Sep-20,14.9,No,2020,Sep,2020-06-01,2020-09-01,0,0,0,4349.7622253868085,0
Rubkona,2021-10-01,151.0107113593301,r27,Oct-21,14.9,No,2021,Oct,2021-07-01,2021-10-01,0,0,0,5605.51171697215,0
Rubkona,2022-08-01,84.70606569072595,r28,Aug-22,26.5,Yes,2022,Aug,2022-05-01,2022-08-01,3,0,1680,4300.889018151016,1
Rubkona,2023-07-01,53.916056317700416,r29,Jul-23,4,No,2023,Jul,2023-04-01,2023-07-01,22,19,37080,4497.168141964019,0
Rubkona,2024-07-01,52.79719830093312,r30,Jul-24,19.2,Yes,2024,Jul,2024-04-01,2024-07-01,25,11,9912,13138.144398530249,1
Rumbek Centre,2019-07-01,98.10774197223468,r24,Jul-19,9.3,No,2019,Jul,2019-04-01,2019-07-01,0,0,0,NA,0
Rumbek Centre,2019-12-01,98.15129521592894,r25,Dec-19,6.5,No,2019,Dec,2019-09-01,2019-12-01,0,0,0,NA,0
Rumbek Centre,2020-09-01,151.42413414931704,r26,Sep-20,10.5,No,2020,Sep,2020-06-01,2020-09-01,0,0,0,7627.736433353961,0
Rumbek Centre,2021-10-01,141.39620634396152,r27,Oct-21,10.5,No,2021,Oct,2021-07-01,2021-10-01,0,0,0,6953.374461149583,0
Rumbek Centre,2022-08-01,102.5273101031638,r28,Aug-22,10.1,No,2022,Aug,2022-05-01,2022-08-01,14,2,17248,8220.463964296918,0
Rumbek Centre,2023-07-01,86.49431445989296,r29,Jul-23,16.5,Yes,2023,Jul,2023-04-01,2023-07-01,41,28,63779,4576.056714273285,1
Rumbek Centre,2024-07-01,81.64088796207321,r30,Jul-24,14.7,No,2024,Jul,2024-04-01,2024-07-01,68,89,66553,6966.93413473197,0
Rumbek East,2019-07-01,98.14572434773464,r24,Jul-19,10.5,No,2019,Jul,2019-04-01,2019-07-01,0,0,0,NA,0
Rumbek East,2019-12-01,92.012399007839,r25,Dec-19,6.9,No,2019,Dec,2019-09-01,2019-12-01,0,0,0,NA,0
Rumbek East,2020-09-01,139.6024264267216,r26,Sep-20,6.3,No,2020,Sep,2020-06-01,2020-09-01,0,0,0,NA,0
Rumbek East,2021-10-01,134.09875859596468,r27,Oct-21,6.3,No,2021,Oct,2021-07-01,2021-10-01,0,0,0,NA,0
Rumbek East,2022-08-01,106.49324938548406,r28,Aug-22,5.8,No,2022,Aug,2022-05-01,2022-08-01,1,0,831,NA,0
Rumbek East,2023-07-01,89.48956586808646,r29,Jul-23,19.8,Yes,2023,Jul,2023-04-01,2023-07-01,21,9,27726,NA,1
Rumbek East,2024-07-01,81.68410687755849,r30,Jul-24,8.5,No,2024,Jul,2024-04-01,2024-07-01,19,21,31741,NA,0
Rumbek North,2019-07-01,91.43321356742754,r24,Jul-19,10.7,No,2019,Jul,2019-04-01,2019-07-01,0,0,0,NA,0
Rumbek North,2019-12-01,99.62350545572085,r25,Dec-19,6.8,No,2019,Dec,2019-09-01,2019-12-01,0,0,0,NA,0
Rumbek North,2020-09-01,149.70266708817684,r26,Sep-20,28.4,Yes,2020,Sep,2020-06-01,2020-09-01,0,0,0,NA,1
Rumbek North,2021-10-01,141.8106321153979,r27,Oct-21,28.4,Yes,2021,Oct,2021-07-01,2021-10-01,0,0,0,NA,1
Rumbek North,2022-08-01,94.0069945027118,r28,Aug-22,1,No,2022,Aug,2022-05-01,2022-08-01,3,0,2822,NA,0
Rumbek North,2023-07-01,82.264550544344,r29,Jul-23,17.9,Yes,2023,Jul,2023-04-01,2023-07-01,48,469,44762,NA,1
Rumbek North,2024-07-01,72.90537596582686,r30,Jul-24,8.7,No,2024,Jul,2024-04-01,2024-07-01,46,133,73812,NA,0
Tambura,2019-07-01,133.1283812116009,r24,Jul-19,0.5,No,2019,Jul,2019-04-01,2019-07-01,0,0,0,NA,0
Tambura,2019-12-01,148.8167761750441,r25,Dec-19,3.1,No,2019,Dec,2019-09-01,2019-12-01,0,0,0,NA,0
Tambura,2022-08-01,160.67502469254816,r28,Aug-22,4.9,No,2022,Aug,2022-05-01,2022-08-01,1,0,7050,NA,0
Tambura,2023-07-01,138.30319492290593,r29,Jul-23,15,No,2023,Jul,2023-04-01,2023-07-01,22,12,80975,NA,0
Tambura,2024-07-01,112.03347524846409,r30,Jul-24,2.7,No,2024,Jul,2024-04-01,2024-07-01,19,12,59176,NA,0
Terekeka,2019-07-01,96.69948583776328,r24,Jul-19,13.1,No,2019,Jul,2019-04-01,2019-07-01,0,0,0,NA,0
Terekeka,2019-12-01,109.45064797614708,r25,Dec-19,2.6,No,2019,Dec,2019-09-01,2019-12-01,0,0,0,NA,0
Terekeka,2020-09-01,130.8337117877724,r26,Sep-20,6.7,No,2020,Sep,2020-06-01,2020-09-01,0,0,0,NA,0
Terekeka,2021-10-01,124.1683003502972,r27,Oct-21,6.7,No,2021,Oct,2021-07-01,2021-10-01,0,0,0,NA,0
Terekeka,2022-08-01,92.78836263952286,r28,Aug-22,7.9,No,2022,Aug,2022-05-01,2022-08-01,1,0,0,NA,0
Terekeka,2023-07-01,86.32841737952486,r29,Jul-23,11,No,2023,Jul,2023-04-01,2023-07-01,8,14,1724,NA,0
Terekeka,2024-07-01,82.32844490301335,r30,Jul-24,9.7,No,2024,Jul,2024-04-01,2024-07-01,0,0,0,NA,0
Tonj East,2019-07-01,87.60967007675151,r24,Jul-19,12.4,No,2019,Jul,2019-04-01,2019-07-01,0,0,0,NA,0
Tonj East,2019-12-01,96.43035757704676,r25,Dec-19,9.5,No,2019,Dec,2019-09-01,2019-12-01,0,0,0,NA,0
Tonj East,2020-09-01,146.37663497814032,r26,Sep-20,3.8,No,2020,Sep,2020-06-01,2020-09-01,0,0,0,NA,0
Tonj East,2021-10-01,139.0499288546888,r27,Oct-21,3.8,No,2021,Oct,2021-07-01,2021-10-01,0,0,0,NA,0
Tonj East,2022-08-01,94.69002846064404,r28,Aug-22,7.9,No,2022,Aug,2022-05-01,2022-08-01,13,15,6312,NA,0
Tonj East,2023-07-01,80.11900341016609,r29,Jul-23,16,Yes,2023,Jul,2023-04-01,2023-07-01,52,178,46105,NA,1
Tonj East,2024-07-01,68.34457629915516,r30,Jul-24,16.1,Yes,2024,Jul,2024-04-01,2024-07-01,38,132,41604,NA,1
Tonj North,2019-07-01,85.2710602728866,r24,Jul-19,9,No,2019,Jul,2019-04-01,2019-07-01,0,0,0,NA,0
Tonj North,2019-12-01,103.26039044509702,r25,Dec-19,14.3,No,2019,Dec,2019-09-01,2019-12-01,0,0,0,NA,0
Tonj North,2020-09-01,141.4923728992069,r26,Sep-20,13.9,No,2020,Sep,2020-06-01,2020-09-01,0,0,0,NA,0
Tonj North,2021-10-01,152.43584320527128,r27,Oct-21,13.9,No,2021,Oct,2021-07-01,2021-10-01,0,0,0,NA,0
Tonj North,2022-08-01,99.61770267469764,r28,Aug-22,10.4,No,2022,Aug,2022-05-01,2022-08-01,2,0,632,NA,0
Tonj North,2023-07-01,77.57342228293273,r29,Jul-23,16,Yes,2023,Jul,2023-04-01,2023-07-01,53,171,73087,NA,1
Tonj North,2024-07-01,63.985803809880096,r30,Jul-24,12.9,No,2024,Jul,2024-04-01,2024-07-01,43,116,83605,NA,0
Tonj South,2019-07-01,112.096331327361,r24,Jul-19,11.6,No,2019,Jul,2019-04-01,2019-07-01,0,0,0,NA,0
Tonj South,2019-12-01,106.05867821023656,r25,Dec-19,3.5,No,2019,Dec,2019-09-01,2019-12-01,0,0,0,NA,0
Tonj South,2020-09-01,162.5665817899946,r26,Sep-20,5.7,No,2020,Sep,2020-06-01,2020-09-01,0,0,0,NA,0
Tonj South,2021-10-01,165.31883315638083,r27,Oct-21,5.7,No,2021,Oct,2021-07-01,2021-10-01,0,0,0,NA,0
Tonj South,2022-08-01,121.30369939640246,r28,Aug-22,10,No,2022,Aug,2022-05-01,2022-08-01,3,2,2343,NA,0
Tonj South,2023-07-01,112.54658984172058,r29,Jul-23,24.8,Yes,2023,Jul,2023-04-01,2023-07-01,23,17,6692,NA,1
Tonj South,2024-07-01,87.47441236952473,r30,Jul-24,11.7,No,2024,Jul,2024-04-01,2024-07-01,29,54,42537,13706.047688578235,0
Torit,2019-07-01,118.51097743379162,r24,Jul-19,5.9,No,2019,Jul,2019-04-01,2019-07-01,0,0,0,NA,0
Torit,2019-12-01,144.73721479930745,r25,Dec-19,4.3,No,2019,Dec,2019-09-01,2019-12-01,0,0,0,NA,0
Torit,2020-09-01,171.22088227243515,r26,Sep-20,5.9,No,2020,Sep,2020-06-01,2020-09-01,0,0,0,4996.303507724206,0
Torit,2021-10-01,140.74896676384122,r27,Oct-21,5.9,No,2021,Oct,2021-07-01,2021-10-01,0,0,0,7230.1080188450915,0
Torit,2022-08-01,111.03989015486673,r28,Aug-22,6.2,No,2022,Aug,2022-05-01,2022-08-01,13,19,21944,7678.046178921537,0
Torit,2023-07-01,95.33735402632446,r29,Jul-23,12.3,No,2023,Jul,2023-04-01,2023-07-01,26,27,312859,4710.479216180987,0
Torit,2024-07-01,99.72359145649138,r30,Jul-24,9.3,No,2024,Jul,2024-04-01,2024-07-01,32,38,331406,3182.305575641026,0
Twic,2019-07-01,77.09092570299163,r24,Jul-19,22.1,Yes,2019,Jul,2019-04-01,2019-07-01,0,0,0,NA,1
Twic,2019-12-01,100.0867424733464,r25,Dec-19,14.7,No,2019,Dec,2019-09-01,2019-12-01,0,0,0,NA,0
Twic,2020-09-01,113.67455250042936,r26,Sep-20,14.7,No,2020,Sep,2020-06-01,2020-09-01,0,0,0,NA,0
Twic,2021-10-01,135.90095783801112,r27,Oct-21,14.7,No,2021,Oct,2021-07-01,2021-10-01,0,0,0,NA,0
Twic,2022-08-01,90.23378697257796,r28,Aug-22,21.2,Yes,2022,Aug,2022-05-01,2022-08-01,2,18,1528,7735.66899251923,1
Twic,2023-07-01,63.51002118538513,r29,Jul-23,15.7,Yes,2023,Jul,2023-04-01,2023-07-01,73,132,128054,5476.328424095833,1
Twic,2024-07-01,54.50372002742397,r30,Jul-24,21.6,Yes,2024,Jul,2024-04-01,2024-07-01,43,72,91154,13260.6934330607,1
Twic East,2019-07-01,84.6249937708434,r24,Jul-19,20.7,Yes,2019,Jul,2019-04-01,2019-07-01,0,0,0,NA,1
Twic East,2019-12-01,104.3303863250327,r25,Dec-19,12,No,2019,Dec,2019-09-01,2019-12-01,0,0,0,NA,0
Twic East,2020-09-01,138.66280591440116,r26,Sep-20,29.1,Yes,2020,Sep,2020-06-01,2020-09-01,0,0,0,NA,1
Twic East,2021-10-01,126.79737893609304,r27,Oct-21,29.1,Yes,2021,Oct,2021-07-01,2021-10-01,0,0,0,NA,1
Twic East,2022-08-01,99.45124967807446,r28,Aug-22,7.6,No,2022,Aug,2022-05-01,2022-08-01,0,0,0,NA,0
Twic East,2023-07-01,73.03530566046514,r29,Jul-23,14.6,No,2023,Jul,2023-04-01,2023-07-01,23,33,26990,NA,0
Twic East,2024-07-01,76.47851102255775,r30,Jul-24,23.6,Yes,2024,Jul,2024-04-01,2024-07-01,18,36,60993,NA,1
Ulang,2019-07-01,84.0064184065269,r24,Jul-19,26,Yes,2019,Jul,2019-04-01,2019-07-01,0,0,0,NA,1
Ulang,2019-12-01,119.1201537617589,r25,Dec-19,14,No,2019,Dec,2019-09-01,2019-12-01,0,0,0,NA,0
Ulang,2020-09-01,155.01249462549785,r26,Sep-20,14.7,No,2020,Sep,2020-06-01,2020-09-01,0,0,0,NA,0
Ulang,2021-10-01,140.8289443044057,r27,Oct-21,14.7,No,2021,Oct,2021-07-01,2021-10-01,0,0,0,NA,0
Ulang,2022-08-01,116.17432711844566,r28,Aug-22,26.8,Yes,2022,Aug,2022-05-01,2022-08-01,0,0,0,NA,1
Ulang,2023-07-01,66.90580437489162,r29,Jul-23,29.6,Yes,2023,Jul,2023-04-01,2023-07-01,26,60,222702,NA,1
Ulang,2024-07-01,68.28687616568682,r30,Jul-24,12,No,2024,Jul,2024-04-01,2024-07-01,17,20,123623,NA,0
Uror,2019-07-01,84.29389813481728,r24,Jul-19,22.7,Yes,2019,Jul,2019-04-01,2019-07-01,0,0,0,NA,1
Uror,2019-12-01,124.58255486717916,r25,Dec-19,19.6,Yes,2019,Dec,2019-09-01,2019-12-01,0,0,0,NA,1
Uror,2020-09-01,143.89118550392087,r26,Sep-20,0,No,2020,Sep,2020-06-01,2020-09-01,0,0,0,NA,0
Uror,2021-10-01,136.0681343747244,r27,Oct-21,0,No,2021,Oct,2021-07-01,2021-10-01,0,0,0,NA,0
Uror,2022-08-01,106.26702919226722,r28,Aug-22,22.5,Yes,2022,Aug,2022-05-01,2022-08-01,0,0,0,NA,1
Uror,2023-07-01,77.51780678445898,r29,Jul-23,26.5,Yes,2023,Jul,2023-04-01,2023-07-01,106,183,174648,NA,1
Uror,2024-07-01,74.42943635043383,r30,Jul-24,37.9,Yes,2024,Jul,2024-04-01,2024-07-01,30,36,99025,NA,1
Wau,2019-07-01,115.8829221113651,r24,Jul-19,13.5,No,2019,Jul,2019-04-01,2019-07-01,0,0,0,NA,0
Wau,2019-12-01,142.5022554470583,r25,Dec-19,6.8,No,2019,Dec,2019-09-01,2019-12-01,0,0,0,NA,0
Wau,2020-09-01,160.20987163570857,r26,Sep-20,7.1,No,2020,Sep,2020-06-01,2020-09-01,0,0,0,2168.52007858384,0
Wau,2021-10-01,188.0997459568558,r27,Oct-21,7.1,No,2021,Oct,2021-07-01,2021-10-01,0,0,0,12453.289141181303,0
Wau,2022-08-01,154.15149382846496,r28,Aug-22,9,No,2022,Aug,2022-05-01,2022-08-01,4,0,192,4360.6339570880955,0
Wau,2023-07-01,108.98686050767756,r29,Jul-23,18.2,Yes,2023,Jul,2023-04-01,2023-07-01,12,19,96663,3832.564062389327,1
Wau,2024-07-01,94.55819359026592,r30,Jul-24,5.4,No,2024,Jul,2024-04-01,2024-07-01,30,36,464248,6810.7620093385985,0
Wulu,2019-07-01,122.08673007561784,r24,Jul-19,4.3,No,2019,Jul,2019-04-01,2019-07-01,0,0,0,NA,0
Wulu,2019-12-01,115.493492787799,r25,Dec-19,3.1,No,2019,Dec,2019-09-01,2019-12-01,0,0,0,NA,0
Wulu,2020-09-01,165.08027984716543,r26,Sep-20,6.5,No,2020,Sep,2020-06-01,2020-09-01,0,0,0,NA,0
Wulu,2021-10-01,162.81560991898036,r27,Oct-21,6.5,No,2021,Oct,2021-07-01,2021-10-01,0,0,0,NA,0
Wulu,2022-08-01,125.57607236387862,r28,Aug-22,5.3,No,2022,Aug,2022-05-01,2022-08-01,0,0,0,NA,0
Wulu,2023-07-01,121.67061708651651,r29,Jul-23,7.7,No,2023,Jul,2023-04-01,2023-07-01,4,6,1194,NA,0
Wulu,2024-07-01,95.27429814020168,r30,Jul-24,5.9,No,2024,Jul,2024-04-01,2024-07-01,0,0,0,NA,0
Yambio,2019-07-01,145.03588492431754,r24,Jul-19,10.1,No,2019,Jul,2019-04-01,2019-07-01,0,0,0,NA,0
Yambio,2019-12-01,152.09542234831562,r25,Dec-19,8.5,No,2019,Dec,2019-09-01,2019-12-01,0,0,0,NA,0
Yambio,2020-09-01,186.87243167933656,r26,Sep-20,2.8,No,2020,Sep,2020-06-01,2020-09-01,0,0,0,2349.6406053214746,0
Yambio,2021-10-01,179.4805193676742,r27,Oct-21,2.8,No,2021,Oct,2021-07-01,2021-10-01,0,0,0,2739.139726177648,0
Yambio,2022-08-01,139.96196800230567,r28,Aug-22,4.1,No,2022,Aug,2022-05-01,2022-08-01,0,0,0,2948.732695420806,0
Yambio,2023-07-01,147.3892204433461,r29,Jul-23,21.6,Yes,2023,Jul,2023-04-01,2023-07-01,8,16,50694,6945.40650022136,1
Yambio,2024-07-01,111.55293363107208,r30,Jul-24,7.5,No,2024,Jul,2024-04-01,2024-07-01,0,0,0,8509.670186006646,0
Yei,2019-07-01,140.02543184762217,r24,Jul-19,2.4,No,2019,Jul,2019-04-01,2019-07-01,0,0,0,NA,0
Yei,2019-12-01,166.54823416829385,r25,Dec-19,44.4,Yes,2019,Dec,2019-09-01,2019-12-01,0,0,0,NA,1
Yei,2022-08-01,122.45565852138968,r28,Aug-22,5.6,No,2022,Aug,2022-05-01,2022-08-01,9,5,19705,NA,0
Yei,2023-07-01,133.8072343661402,r29,Jul-23,18.1,Yes,2023,Jul,2023-04-01,2023-07-01,44,11,218059,NA,1
Yei,2024-07-01,110.20338314907896,r30,Jul-24,4.7,No,2024,Jul,2024-04-01,2024-07-01,34,18,159871,NA,0
Yirol East,2019-07-01,90.66689129173284,r24,Jul-19,10.3,No,2019,Jul,2019-04-01,2019-07-01,0,0,0,NA,0
Yirol East,2019-12-01,91.65880246004738,r25,Dec-19,5.8,No,2019,Dec,2019-09-01,2019-12-01,0,0,0,NA,0
Yirol East,2020-09-01,131.63247046950502,r26,Sep-20,8.6,No,2020,Sep,2020-06-01,2020-09-01,0,0,0,NA,0
Yirol East,2021-10-01,123.68586367142774,r27,Oct-21,8.6,No,2021,Oct,2021-07-01,2021-10-01,0,0,0,NA,0
Yirol East,2022-08-01,94.74526928727282,r28,Aug-22,8,No,2022,Aug,2022-05-01,2022-08-01,0,0,0,NA,0
Yirol East,2023-07-01,75.51914918772049,r29,Jul-23,17.4,Yes,2023,Jul,2023-04-01,2023-07-01,17,6,18777,NA,1
Yirol East,2024-07-01,73.51690972249536,r30,Jul-24,6.8,No,2024,Jul,2024-04-01,2024-07-01,38,28,61713,NA,0
Yirol West,2019-07-01,91.04436458624238,r24,Jul-19,17.9,Yes,2019,Jul,2019-04-01,2019-07-01,0,0,0,NA,1
Yirol West,2019-12-01,98.93902852286476,r25,Dec-19,7.1,No,2019,Dec,2019-09-01,2019-12-01,0,0,0,NA,0
Yirol West,2020-09-01,128.9969353095298,r26,Sep-20,10.4,No,2020,Sep,2020-06-01,2020-09-01,0,0,0,NA,0
Yirol West,2021-10-01,134.08127301654883,r27,Oct-21,10.4,No,2021,Oct,2021-07-01,2021-10-01,0,0,0,NA,0
Yirol West,2022-08-01,101.21710195342104,r28,Aug-22,12.7,No,2022,Aug,2022-05-01,2022-08-01,3,0,0,NA,0
Yirol West,2023-07-01,88.55185195858668,r29,Jul-23,8.1,No,2023,Jul,2023-04-01,2023-07-01,25,10,52939,NA,0
Yirol West,2024-07-01,80.1631609830524,r30,Jul-24,11.5,No,2024,Jul,2024-04-01,2024-07-01,8,2,21567,NA,0
Abyei,2019-07-01,NA,r24,Jul-19,15.8,Yes,2019,Jul,2019-04-01,2019-07-01,0,0,0,NA,1
Kajo-keji,2019-07-01,NA,r24,Jul-19,1.5,No,2019,Jul,2019-04-01,2019-07-01,0,0,0,NA,0
Abyei,2019-12-01,NA,r25,Dec-19,19.6,Yes,2019,Dec,2019-09-01,2019-12-01,0,0,0,NA,1
Kajo-keji,2019-12-01,NA,r25,Dec-19,8.3,No,2019,Dec,2019-09-01,2019-12-01,0,0,0,NA,0
Abyei,2020-09-01,NA,r26,Sep-20,17.1,Yes,2020,Sep,2020-06-01,2020-09-01,0,0,0,NA,1
Kajo-keji,2020-09-01,NA,r26,Sep-20,5.6,No,2020,Sep,2020-06-01,2020-09-01,0,0,0,NA,0
Abyei,2021-10-01,NA,r27,Oct-21,17.1,Yes,2021,Oct,2021-07-01,2021-10-01,0,0,0,NA,1
Kajo-keji,2021-10-01,NA,r27,Oct-21,5.6,No,2021,Oct,2021-07-01,2021-10-01,0,0,0,NA,0
Abyei,2022-08-01,NA,r28,Aug-22,13.7,No,2022,Aug,2022-05-01,2022-08-01,0,0,0,NA,0
Kajo-keji,2022-08-01,NA,r28,Aug-22,7.7,No,2022,Aug,2022-05-01,2022-08-01,0,0,0,NA,0
Abyei,2023-07-01,NA,r29,Jul-23,14,No,2023,Jul,2023-04-01,2023-07-01,0,0,0,NA,0
Akoka,2023-07-01,NA,r29,Jul-23,5.2,No,2023,Jul,2023-04-01,2023-07-01,0,0,0,NA,0
Kajo-keji,2023-07-01,NA,r29,Jul-23,15.2,Yes,2023,Jul,2023-04-01,2023-07-01,0,0,0,NA,1
Abyei,2024-07-01,NA,r30,Jul-24,20.5,Yes,2024,Jul,2024-04-01,2024-07-01,0,0,0,NA,1
Akoka,2024-07-01,NA,r30,Jul-24,15,Yes,2024,Jul,2024-04-01,2024-07-01,0,0,0,NA,0
Kajo-keji,2024-07-01,NA,r30,Jul-24,10,No,2024,Jul,2024-04-01,2024-07-01,0,0,0,NA,0
Abiemnhom,2025-07-01,NA,r31,Jul-25,17.6,Yes,2025,Jul,2025-04-01,2025-07-01,15,75,142996,NA,1
Abyei,2025-07-01,NA,r31,Jul-25,14.6,No,2025,Jul,2025-04-01,2025-07-01,0,0,0,NA,0
Akobo,2025-07-01,NA,r31,Jul-25,22.9,Yes,2025,Jul,2025-04-01,2025-07-01,39,42,175349,49802.75379651511,1
Akoka,2025-07-01,NA,r31,Jul-25,26.3,Yes,2025,Jul,2025-04-01,2025-07-01,0,0,0,NA,1
Aweil Centre,2025-07-01,NA,r31,Jul-25,9.2,No,2025,Jul,2025-04-01,2025-07-01,0,0,0,31833.525495013066,0
Aweil East,2025-07-01,NA,r31,Jul-25,15.3,Yes,2025,Jul,2025-04-01,2025-07-01,3,7,5463,20536.275455892992,1
Aweil North,2025-07-01,NA,r31,Jul-25,53.3,Yes,2025,Jul,2025-04-01,2025-07-01,11,4,17212,23419.216921196457,1
Aweil South,2025-07-01,NA,r31,Jul-25,34.2,Yes,2025,Jul,2025-04-01,2025-07-01,0,0,0,NA,1
Aweil West,2025-07-01,NA,r31,Jul-25,13.6,No,2025,Jul,2025-04-01,2025-07-01,7,9,16272,24481.854057238095,0
Awerial,2025-07-01,NA,r31,Jul-25,14.3,No,2025,Jul,2025-04-01,2025-07-01,3,1,1372,NA,0
Ayod,2025-07-01,NA,r31,Jul-25,10.5,No,2025,Jul,2025-04-01,2025-07-01,22,38,17686,NA,0
Baliet,2025-07-01,NA,r31,Jul-25,21,Yes,2025,Jul,2025-04-01,2025-07-01,0,0,0,NA,1
Bor South,2025-07-01,NA,r31,Jul-25,20.2,Yes,2025,Jul,2025-04-01,2025-07-01,31,27,101808,234733.6586353561,1
Budi,2025-07-01,NA,r31,Jul-25,14.8,No,2025,Jul,2025-04-01,2025-07-01,19,12,43125,41691.86157919632,0
Canal/Pigi,2025-07-01,NA,r31,Jul-25,17.2,Yes,2025,Jul,2025-04-01,2025-07-01,80,106,228401,NA,1
Cueibet,2025-07-01,NA,r31,Jul-25,10.3,No,2025,Jul,2025-04-01,2025-07-01,14,53,19482,NA,0
Duk,2025-07-01,NA,r31,Jul-25,23.9,Yes,2025,Jul,2025-04-01,2025-07-01,32,40,69348,NA,1
Ezo,2025-07-01,NA,r31,Jul-25,6.5,No,2025,Jul,2025-04-01,2025-07-01,9,52,49933,NA,0
Fangak,2025-07-01,NA,r31,Jul-25,80.4,Yes,2025,Jul,2025-04-01,2025-07-01,114,150,970919,39949.9695372772,1
Fashoda,2025-07-01,NA,r31,Jul-25,19.3,Yes,2025,Jul,2025-04-01,2025-07-01,0,0,0,38955.03988652463,1
Gogrial East,2025-07-01,NA,r31,Jul-25,18.1,Yes,2025,Jul,2025-04-01,2025-07-01,33,72,60932,NA,1
Gogrial West,2025-07-01,NA,r31,Jul-25,10.4,No,2025,Jul,2025-04-01,2025-07-01,4,1,16524,30915.01660783055,0
Guit,2025-07-01,NA,r31,Jul-25,26.3,Yes,2025,Jul,2025-04-01,2025-07-01,3,2,2127,NA,1
Ibba,2025-07-01,NA,r31,Jul-25,6.7,No,2025,Jul,2025-04-01,2025-07-01,3,1,12445,NA,0
Ikotos,2025-07-01,NA,r31,Jul-25,8.3,No,2025,Jul,2025-04-01,2025-07-01,29,23,718760,NA,0
Juba,2025-07-01,NA,r31,Jul-25,13.8,No,2025,Jul,2025-04-01,2025-07-01,144,80,231249,20689.157815942635,0
Jur River,2025-07-01,NA,r31,Jul-25,8.2,No,2025,Jul,2025-04-01,2025-07-01,0,0,0,NA,0
Kajo-keji,2025-07-01,NA,r31,Jul-25,19.5,Yes,2025,Jul,2025-04-01,2025-07-01,0,0,0,NA,1
Kapoeta East,2025-07-01,NA,r31,Jul-25,14.6,No,2025,Jul,2025-04-01,2025-07-01,19,31,84283,NA,0
Kapoeta North,2025-07-01,NA,r31,Jul-25,11.6,No,2025,Jul,2025-04-01,2025-07-01,5,15,108977,NA,0
Kapoeta South,2025-07-01,NA,r31,Jul-25,10.1,No,2025,Jul,2025-04-01,2025-07-01,4,0,24725,22570.84119427191,0
Koch,2025-07-01,NA,r31,Jul-25,13.2,No,2025,Jul,2025-04-01,2025-07-01,6,7,15230,NA,0
Lafon,2025-07-01,NA,r31,Jul-25,5.7,No,2025,Jul,2025-04-01,2025-07-01,0,0,0,NA,0
Lainya,2025-07-01,NA,r31,Jul-25,13.6,No,2025,Jul,2025-04-01,2025-07-01,38,38,81132,NA,0
Leer,2025-07-01,NA,r31,Jul-25,13.6,No,2025,Jul,2025-04-01,2025-07-01,7,28,9320,NA,0
Longochuk,2025-07-01,NA,r31,Jul-25,9,No,2025,Jul,2025-04-01,2025-07-01,18,38,91196,NA,0
Luakpiny/Nasir,2025-07-01,NA,r31,Jul-25,84.4,Yes,2025,Jul,2025-04-01,2025-07-01,88,351,529397,NA,1
Maban,2025-07-01,NA,r31,Jul-25,16.9,Yes,2025,Jul,2025-04-01,2025-07-01,17,3,13457,30485.88866514415,1
Magwi,2025-07-01,NA,r31,Jul-25,5,No,2025,Jul,2025-04-01,2025-07-01,13,2,283291,NA,0
Maiwut,2025-07-01,NA,r31,Jul-25,10.9,No,2025,Jul,2025-04-01,2025-07-01,12,20,21801,NA,0
Malakal,2025-07-01,NA,r31,Jul-25,13.7,No,2025,Jul,2025-04-01,2025-07-01,26,17,542250,37098.43145245541,0
Manyo,2025-07-01,NA,r31,Jul-25,36.1,Yes,2025,Jul,2025-04-01,2025-07-01,5,8,27131,NA,1
Maridi,2025-07-01,NA,r31,Jul-25,10.8,No,2025,Jul,2025-04-01,2025-07-01,15,16,123025,NA,0
Mayendit,2025-07-01,NA,r31,Jul-25,14.6,No,2025,Jul,2025-04-01,2025-07-01,0,0,0,NA,0
Mayom,2025-07-01,NA,r31,Jul-25,39.3,Yes,2025,Jul,2025-04-01,2025-07-01,42,113,97931,NA,1
Melut,2025-07-01,NA,r31,Jul-25,31.4,Yes,2025,Jul,2025-04-01,2025-07-01,3,5,10994,NA,1
Morobo,2025-07-01,NA,r31,Jul-25,4.7,No,2025,Jul,2025-04-01,2025-07-01,123,102,200696,NA,0
Mundri East,2025-07-01,NA,r31,Jul-25,13.2,No,2025,Jul,2025-04-01,2025-07-01,30,28,46986,NA,0
Mundri West,2025-07-01,NA,r31,Jul-25,10.9,No,2025,Jul,2025-04-01,2025-07-01,10,1,12837,NA,0
Mvolo,2025-07-01,NA,r31,Jul-25,16.4,Yes,2025,Jul,2025-04-01,2025-07-01,3,2,8134,NA,1
Nagero,2025-07-01,NA,r31,Jul-25,9.9,No,2025,Jul,2025-04-01,2025-07-01,13,34,50430,NA,0
Nyirol,2025-07-01,NA,r31,Jul-25,58.2,Yes,2025,Jul,2025-04-01,2025-07-01,23,26,71623,NA,1
Nzara,2025-07-01,NA,r31,Jul-25,3.4,No,2025,Jul,2025-04-01,2025-07-01,6,11,57959,NA,0
Panyijiar,2025-07-01,NA,r31,Jul-25,26.6,Yes,2025,Jul,2025-04-01,2025-07-01,16,29,34462,NA,1
Panyikang,2025-07-01,NA,r31,Jul-25,9.2,No,2025,Jul,2025-04-01,2025-07-01,49,4,81429,NA,0
Pariang,2025-07-01,NA,r31,Jul-25,16.3,Yes,2025,Jul,2025-04-01,2025-07-01,8,19,46604,43647.16218971566,1
Pibor,2025-07-01,NA,r31,Jul-25,19.4,Yes,2025,Jul,2025-04-01,2025-07-01,59,59,97608,32564.708375886643,1
Pochalla,2025-07-01,NA,r31,Jul-25,4.2,No,2025,Jul,2025-04-01,2025-07-01,14,3,9196,NA,0
Raja,2025-07-01,NA,r31,Jul-25,5.7,No,2025,Jul,2025-04-01,2025-07-01,0,0,0,NA,0
Renk,2025-07-01,NA,r31,Jul-25,22.4,Yes,2025,Jul,2025-04-01,2025-07-01,21,37,111334,29486.47876773216,1
Rubkona,2025-07-01,NA,r31,Jul-25,25,Yes,2025,Jul,2025-04-01,2025-07-01,16,6,26458,37611.28216207256,1
Rumbek Centre,2025-07-01,NA,r31,Jul-25,9.8,No,2025,Jul,2025-04-01,2025-07-01,31,40,75066,30451.547497281248,0
Rumbek East,2025-07-01,NA,r31,Jul-25,10.3,No,2025,Jul,2025-04-01,2025-07-01,10,22,26203,NA,0
Rumbek North,2025-07-01,NA,r31,Jul-25,7,No,2025,Jul,2025-04-01,2025-07-01,10,22,15684,NA,0
Tambura,2025-07-01,NA,r31,Jul-25,4.1,No,2025,Jul,2025-04-01,2025-07-01,63,60,334637,NA,0
Terekeka,2025-07-01,NA,r31,Jul-25,10.7,No,2025,Jul,2025-04-01,2025-07-01,31,82,41099,NA,0
Tonj East,2025-07-01,NA,r31,Jul-25,14.2,No,2025,Jul,2025-04-01,2025-07-01,87,372,56941,NA,0
Tonj North,2025-07-01,NA,r31,Jul-25,8.8,No,2025,Jul,2025-04-01,2025-07-01,121,264,119724,NA,0
Tonj South,2025-07-01,NA,r31,Jul-25,16.8,Yes,2025,Jul,2025-04-01,2025-07-01,67,123,105175,29234.69186956529,1
Torit,2025-07-01,NA,r31,Jul-25,8,No,2025,Jul,2025-04-01,2025-07-01,37,20,575101,36779.46542352087,0
Twic,2025-07-01,NA,r31,Jul-25,23.4,Yes,2025,Jul,2025-04-01,2025-07-01,32,61,122420,38780.4200360999,1
Twic East,2025-07-01,NA,r31,Jul-25,10.3,No,2025,Jul,2025-04-01,2025-07-01,23,64,145428,NA,0
Ulang,2025-07-01,NA,r31,Jul-25,34,Yes,2025,Jul,2025-04-01,2025-07-01,83,190,576388,NA,1
Uror,2025-07-01,NA,r31,Jul-25,52.7,Yes,2025,Jul,2025-04-01,2025-07-01,56,116,167065,NA,1
Wau,2025-07-01,NA,r31,Jul-25,13.4,No,2025,Jul,2025-04-01,2025-07-01,12,10,72419,18487.532977778206,0
Wulu,2025-07-01,NA,r31,Jul-25,9.4,No,2025,Jul,2025-04-01,2025-07-01,5,1,5810,NA,0
Yambio,2025-07-01,NA,r31,Jul-25,4,No,2025,Jul,2025-04-01,2025-07-01,71,53,256412,33834.60146833145,0
Yei,2025-07-01,NA,r31,Jul-25,7.6,No,2025,Jul,2025-04-01,2025-07-01,56,9,167552,NA,0
Yirol East,2025-07-01,NA,r31,Jul-25,12.6,No,2025,Jul,2025-04-01,2025-07-01,34,71,48296,NA,0
Yirol West,2025-07-01,NA,r31,Jul-25,8.5,No,2025,Jul,2025-04-01,2025-07-01,3,1,7408,NA,0
